time,open,high,low,close,volume
2026-06-09 05:00:00+00:00,2.4,2.420171,2.369139,2.389311,2967331.61
2026-06-09 06:00:00+00:00,2.389311,2.401042,2.388351,2.400082,3350675.44
2026-06-09 07:00:00+00:00,2.400082,2.436666,2.371844,2.408427,2527110.5
2026-06-09 08:00:00+00:00,2.408427,2.41562,2.404595,2.411788,2275325.11
2026-06-09 09:00:00+00:00,2.411788,2.425712,2.379733,2.393657,4325369.78
2026-06-09 10:00:00+00:00,2.393657,2.400082,2.387812,2.394237,1550350.23
2026-06-09 11:00:00+00:00,2.394237,2.426329,2.378327,2.410419,4166863.74
2026-06-09 12:00:00+00:00,2.410419,2.411197,2.381436,2.382214,5351674.52
2026-06-09 13:00:00+00:00,2.382214,2.392971,2.36254,2.373297,3013815.5
2026-06-09 14:00:00+00:00,2.373297,2.384789,2.320734,2.332225,7523583.04
2026-06-09 15:00:00+00:00,2.332225,2.379447,2.257456,2.304678,5336013.75
2026-06-09 16:00:00+00:00,2.304678,2.324567,2.244873,2.264762,7420235.0
2026-06-09 17:00:00+00:00,2.264762,2.280429,2.244955,2.260621,2222903.36
2026-06-09 18:00:00+00:00,2.260621,2.263952,2.229752,2.233082,5667903.01
2026-06-09 19:00:00+00:00,2.233082,2.241965,2.231516,2.240399,2213308.47
2026-06-09 20:00:00+00:00,2.240399,2.269284,2.21628,2.245165,2707644.0
2026-06-09 21:00:00+00:00,2.245165,2.25594,2.231102,2.241877,2460534.11
2026-06-09 22:00:00+00:00,2.241877,2.258325,2.16717,2.183618,9912009.39
2026-06-09 23:00:00+00:00,2.183618,2.188043,2.167605,2.17203,3737564.14
2026-06-10 00:00:00+00:00,2.17203,2.200304,2.143689,2.171963,1541924.14
2026-06-10 01:00:00+00:00,2.171963,2.209244,2.1385,2.175781,1717660.11
2026-06-10 02:00:00+00:00,2.175781,2.204409,2.111169,2.139797,7441265.72
2026-06-10 03:00:00+00:00,2.139797,2.155261,2.113815,2.129279,3093833.02
2026-06-10 04:00:00+00:00,2.129279,2.155931,2.079866,2.106518,5335458.61
2026-06-10 05:00:00+00:00,2.106518,2.1371,2.057265,2.087848,4827728.26
2026-06-10 06:00:00+00:00,2.087848,2.117508,2.085439,2.1151,5908892.44
2026-06-10 07:00:00+00:00,2.1151,2.147469,2.063588,2.095957,4113936.01
2026-06-10 08:00:00+00:00,2.095957,2.105211,2.086933,2.096187,1859457.58
2026-06-10 09:00:00+00:00,2.096187,2.143755,2.072267,2.119835,5475071.92
2026-06-10 10:00:00+00:00,2.119835,2.15055,2.075089,2.105804,4148375.27
2026-06-10 11:00:00+00:00,2.105804,2.116901,2.092856,2.103953,1566537.43
2026-06-10 12:00:00+00:00,2.103953,2.118576,2.093282,2.107905,2417561.65
2026-06-10 13:00:00+00:00,2.107905,2.129589,2.088965,2.11065,2311773.01
2026-06-10 14:00:00+00:00,2.11065,2.127631,2.062202,2.079183,6417738.68
2026-06-10 15:00:00+00:00,2.079183,2.091687,2.069743,2.082246,1906410.72
2026-06-10 16:00:00+00:00,2.082246,2.1209,2.081377,2.12003,7395030.87
2026-06-10 17:00:00+00:00,2.12003,2.134472,2.064544,2.078986,7594914.43
2026-06-10 18:00:00+00:00,2.078986,2.116991,2.065477,2.103482,5179648.95
2026-06-10 19:00:00+00:00,2.103482,2.109692,2.101626,2.107836,2028427.22
2026-06-10 20:00:00+00:00,2.107836,2.108661,2.090261,2.091087,3797346.56
2026-06-10 21:00:00+00:00,2.091087,2.164672,2.074934,2.148519,10897764.36
2026-06-10 22:00:00+00:00,2.148519,2.183978,2.136153,2.171612,5030188.53
2026-06-10 23:00:00+00:00,2.171612,2.203602,2.10597,2.137959,6832107.09
2026-06-11 00:00:00+00:00,2.137959,2.147366,2.131776,2.141182,1792332.24
2026-06-11 01:00:00+00:00,2.141182,2.185011,2.115253,2.159082,4166143.57
2026-06-11 02:00:00+00:00,2.159082,2.194368,2.119326,2.154612,2451900.03
2026-06-11 03:00:00+00:00,2.154612,2.193453,2.137082,2.175924,4787288.74
2026-06-11 04:00:00+00:00,2.175924,2.243745,2.107204,2.175025,1735840.14
2026-06-11 05:00:00+00:00,2.175025,2.22118,2.150053,2.196209,4689517.92
2026-06-11 06:00:00+00:00,2.196209,2.266463,2.17117,2.241423,8425443.42
2026-06-11 07:00:00+00:00,2.241423,2.251217,2.211854,2.221648,4884244.23
2026-06-11 08:00:00+00:00,2.221648,2.286494,2.164193,2.229039,2386869.71
2026-06-11 09:00:00+00:00,2.229039,2.281481,2.163378,2.215819,3523915.08
2026-06-11 10:00:00+00:00,2.215819,2.281376,2.155308,2.220865,2453815.29
2026-06-11 11:00:00+00:00,2.220865,2.25043,2.155881,2.185446,6505290.36
2026-06-11 12:00:00+00:00,2.185446,2.205587,2.148763,2.168904,4522813.27
2026-06-11 13:00:00+00:00,2.168904,2.192818,2.140128,2.164041,2255354.6
2026-06-11 14:00:00+00:00,2.164041,2.215138,2.141436,2.192533,5653926.66
2026-06-11 15:00:00+00:00,2.192533,2.231295,2.190322,2.229084,7332775.39
2026-06-11 16:00:00+00:00,2.229084,2.243031,2.175312,2.18926,7891489.67
2026-06-11 17:00:00+00:00,2.18926,2.209052,2.146343,2.166135,5209616.66
2026-06-11 18:00:00+00:00,2.166135,2.189291,2.163754,2.18691,5133194.81
2026-06-11 19:00:00+00:00,2.18691,2.217443,2.097422,2.127955,10299666.3
2026-06-11 20:00:00+00:00,2.127955,2.194619,2.048645,2.115309,3536450.33
2026-06-11 21:00:00+00:00,2.115309,2.133961,2.09485,2.113502,2030946.69
2026-06-11 22:00:00+00:00,2.113502,2.182743,2.082581,2.151821,7972853.89
2026-06-11 23:00:00+00:00,2.151821,2.202464,2.122931,2.173574,5031481.24
2026-06-12 00:00:00+00:00,2.173574,2.18042,2.157998,2.164844,2958809.17
2026-06-12 01:00:00+00:00,2.164844,2.19125,2.128541,2.154948,2932447.7
2026-06-12 02:00:00+00:00,2.154948,2.165988,2.137585,2.148625,2561939.41
2026-06-12 03:00:00+00:00,2.148625,2.22241,2.121233,2.195018,8754764.52
2026-06-12 04:00:00+00:00,2.195018,2.222201,2.156149,2.183332,3704257.28
2026-06-12 05:00:00+00:00,2.183332,2.229643,2.129121,2.175432,3048813.71
2026-06-12 06:00:00+00:00,2.175432,2.187711,2.174642,2.186921,3512549.25
2026-06-12 07:00:00+00:00,2.186921,2.201525,2.169859,2.184462,2302978.02
2026-06-12 08:00:00+00:00,2.184462,2.214313,2.149939,2.17979,1787739.48
2026-06-12 09:00:00+00:00,2.17979,2.183845,2.144719,2.148774,6599932.98
2026-06-12 10:00:00+00:00,2.148774,2.179332,2.118962,2.14952,1580740.9
2026-06-12 11:00:00+00:00,2.14952,2.150026,2.137578,2.138083,3549959.41
2026-06-12 12:00:00+00:00,2.138083,2.174653,2.135435,2.172005,6601522.24
2026-06-12 13:00:00+00:00,2.172005,2.20791,2.155687,2.191592,4493234.61
2026-06-12 14:00:00+00:00,2.191592,2.221908,2.16169,2.192006,1888229.76
2026-06-12 15:00:00+00:00,2.192006,2.221597,2.182344,2.211935,4085633.49
2026-06-12 16:00:00+00:00,2.211935,2.218753,2.196696,2.203514,2576685.31
2026-06-12 17:00:00+00:00,2.203514,2.23854,2.19899,2.234016,6121921.51
2026-06-12 18:00:00+00:00,2.234016,2.237292,2.231707,2.234983,1997302.07
2026-06-12 19:00:00+00:00,2.234983,2.277401,2.209885,2.252303,3871915.98
2026-06-12 20:00:00+00:00,2.252303,2.280265,2.190076,2.218038,6990068.5
2026-06-12 21:00:00+00:00,2.218038,2.239352,2.207198,2.228512,2832448.81
2026-06-12 22:00:00+00:00,2.228512,2.240666,2.172653,2.184806,7978973.72
2026-06-12 23:00:00+00:00,2.184806,2.205777,2.112589,2.13356,9553526.49
2026-06-13 00:00:00+00:00,2.13356,2.142553,2.117991,2.126983,2694543.6
2026-06-13 01:00:00+00:00,2.126983,2.136594,2.096231,2.105842,5246809.33
2026-06-13 02:00:00+00:00,2.105842,2.121118,2.095607,2.110883,2685267.31
2026-06-13 03:00:00+00:00,2.110883,2.216532,2.060998,2.166647,10038422.87
2026-06-13 04:00:00+00:00,2.166647,2.175618,2.138557,2.147528,4733017.45
2026-06-13 05:00:00+00:00,2.147528,2.189692,2.09158,2.133745,3805115.02
2026-06-13 06:00:00+00:00,2.133745,2.162168,2.111209,2.139633,2314886.3
2026-06-13 07:00:00+00:00,2.139633,2.167623,2.124183,2.152173,3745694.48
2026-06-13 08:00:00+00:00,2.152173,2.160958,2.140405,2.149191,2364910.36
2026-06-13 09:00:00+00:00,2.149191,2.159062,2.135728,2.145599,2042892.6
2026-06-13 10:00:00+00:00,2.145599,2.163791,2.144223,2.162415,4547378.19
2026-06-13 11:00:00+00:00,2.162415,2.176163,2.161312,2.17506,3092686.2
2026-06-13 12:00:00+00:00,2.17506,2.181286,2.147317,2.153543,4516899.08
2026-06-13 13:00:00+00:00,2.153543,2.192279,2.114189,2.152924,1861185.28
2026-06-13 14:00:00+00:00,2.152924,2.159503,2.148166,2.154745,1590561.96
2026-06-13 15:00:00+00:00,2.154745,2.200373,2.088393,2.134021,4842693.45
2026-06-13 16:00:00+00:00,2.134021,2.147902,2.126475,2.140356,2496055.06
2026-06-13 17:00:00+00:00,2.140356,2.154739,2.109979,2.124362,3673760.67
2026-06-13 18:00:00+00:00,2.124362,2.15851,2.110299,2.144447,4925922.24
2026-06-13 19:00:00+00:00,2.144447,2.153493,2.140202,2.149248,2495075.64
2026-06-13 20:00:00+00:00,2.149248,2.157214,2.144057,2.152022,1580011.4
2026-06-13 21:00:00+00:00,2.152022,2.178666,2.11543,2.142074,2821493.47
2026-06-13 22:00:00+00:00,2.142074,2.173987,2.109066,2.140979,1972845.89
2026-06-13 23:00:00+00:00,2.140979,2.15976,2.08778,2.10656,7374624.25
2026-06-14 00:00:00+00:00,2.10656,2.141524,2.053185,2.088149,4828824.42
2026-06-14 01:00:00+00:00,2.088149,2.111581,2.071864,2.095296,2653460.14
2026-06-14 02:00:00+00:00,2.095296,2.121923,2.033779,2.060407,7026746.51
2026-06-14 03:00:00+00:00,2.060407,2.094122,2.042233,2.075948,3977973.31
2026-06-14 04:00:00+00:00,2.075948,2.08721,2.035315,2.046576,5979189.29
2026-06-14 05:00:00+00:00,2.046576,2.085319,2.02224,2.060983,3860222.94
2026-06-14 06:00:00+00:00,2.060983,2.066352,2.041411,2.04678,3561520.02
2026-06-14 07:00:00+00:00,2.04678,2.067988,2.040892,2.0621,3675188.69
2026-06-14 08:00:00+00:00,2.0621,2.066711,2.060976,2.065588,1950354.3
2026-06-14 09:00:00+00:00,2.065588,2.076307,2.026734,2.037453,5686374.07
2026-06-14 10:00:00+00:00,2.037453,2.096645,2.003375,2.062568,5599572.63
2026-06-14 11:00:00+00:00,2.062568,2.096148,2.058671,2.092252,6512242.82
2026-06-14 12:00:00+00:00,2.092252,2.094781,2.089431,2.09196,1698477.6
2026-06-14 13:00:00+00:00,2.09196,2.112024,2.067288,2.087352,2718433.79
2026-06-14 14:00:00+00:00,2.087352,2.09955,2.072853,2.085051,2257632.69
2026-06-14 15:00:00+00:00,2.085051,2.090225,2.060312,2.065486,4811209.1
2026-06-14 16:00:00+00:00,2.065486,2.108071,2.047521,2.090106,5891292.1
2026-06-14 17:00:00+00:00,2.090106,2.091058,2.078336,2.079288,3193393.43
2026-06-14 18:00:00+00:00,2.079288,2.11775,2.040735,2.079197,1813686.9
2026-06-14 19:00:00+00:00,2.079197,2.123248,2.018487,2.062538,3995802.84
2026-06-14 20:00:00+00:00,2.062538,2.069172,2.042884,2.049518,3661101.72
2026-06-14 21:00:00+00:00,2.049518,2.069218,2.002083,2.021784,6571857.67
2026-06-14 22:00:00+00:00,2.021784,2.059509,2.013731,2.051457,6509530.47
2026-06-14 23:00:00+00:00,2.051457,2.069845,2.030515,2.048903,1926624.14
2026-06-15 00:00:00+00:00,2.048903,2.079068,2.042586,2.072751,5687537.41
2026-06-15 01:00:00+00:00,2.072751,2.10729,2.039568,2.074108,1532945.24
2026-06-15 02:00:00+00:00,2.074108,2.076978,2.055452,2.058322,4406034.78
2026-06-15 03:00:00+00:00,2.058322,2.117637,1.99208,2.051396,2154574.64
2026-06-15 04:00:00+00:00,2.051396,2.079341,2.010758,2.038703,3330126.99
2026-06-15 05:00:00+00:00,2.038703,2.069134,2.011325,2.041756,1681541.56
2026-06-15 06:00:00+00:00,2.041756,2.063456,2.013571,2.035271,2329601.26
2026-06-15 07:00:00+00:00,2.035271,2.045398,2.020477,2.030604,2719287.38
2026-06-15 08:00:00+00:00,2.030604,2.055566,1.97393,1.998892,6328960.26
2026-06-15 09:00:00+00:00,1.998892,2.019306,1.961126,1.98154,4237250.17
2026-06-15 10:00:00+00:00,1.98154,2.043942,1.963855,2.026257,9095755.56
2026-06-15 11:00:00+00:00,2.026257,2.048944,1.989122,2.01181,4114824.92
2026-06-15 12:00:00+00:00,2.01181,2.033882,1.965465,1.987537,5864902.12
2026-06-15 13:00:00+00:00,1.987537,2.008695,1.97787,1.999027,3326047.9
2026-06-15 14:00:00+00:00,1.999027,2.068557,1.969337,2.038867,7871245.83
2026-06-15 15:00:00+00:00,2.038867,2.079579,1.962447,2.003159,7807454.51
2026-06-15 16:00:00+00:00,2.003159,2.021613,1.981999,2.000453,1577751.65
2026-06-15 17:00:00+00:00,2.000453,2.059281,1.927688,1.986516,3421427.56
2026-06-15 18:00:00+00:00,1.986516,2.005968,1.923618,1.943071,8684479.71
2026-06-15 19:00:00+00:00,1.943071,1.981702,1.926452,1.965083,5289362.37
2026-06-15 20:00:00+00:00,1.965083,1.979987,1.95231,1.967214,2307421.68
2026-06-15 21:00:00+00:00,1.967214,2.021812,1.91728,1.971878,2527073.58
2026-06-15 22:00:00+00:00,1.971878,2.003088,1.923311,1.954521,4543882.93
2026-06-15 23:00:00+00:00,1.954521,2.000452,1.923533,1.969464,4088192.76
2026-06-16 00:00:00+00:00,1.969464,1.99281,1.934338,1.957685,3715296.41
2026-06-16 01:00:00+00:00,1.957685,1.988871,1.925387,1.956574,1817658.43
2026-06-16 02:00:00+00:00,1.956574,1.976461,1.909671,1.929558,6022576.1
2026-06-16 03:00:00+00:00,1.929558,1.95464,1.874913,1.899995,6296679.55
2026-06-16 04:00:00+00:00,1.899995,1.941211,1.897043,1.93826,7921377.15
2026-06-16 05:00:00+00:00,1.93826,1.981198,1.884393,1.927331,3688564.27
2026-06-16 06:00:00+00:00,1.927331,1.977615,1.887608,1.937893,3476458.37
2026-06-16 07:00:00+00:00,1.937893,2.004818,1.872767,1.939692,2110067.06
2026-06-16 08:00:00+00:00,1.939692,1.969553,1.900611,1.930472,2650543.65
2026-06-16 09:00:00+00:00,1.930472,1.937709,1.912251,1.919489,3823735.11
2026-06-16 10:00:00+00:00,1.919489,1.945367,1.913326,1.939204,4826354.99
2026-06-16 11:00:00+00:00,1.939204,1.943701,1.929234,1.933732,2878669.69
2026-06-16 12:00:00+00:00,1.933732,1.941074,1.924997,1.93234,1837214.38
2026-06-16 13:00:00+00:00,1.93234,1.941435,1.926553,1.935649,2123982.27
2026-06-16 14:00:00+00:00,1.935649,2.001846,1.904319,1.970516,7835338.24
2026-06-16 15:00:00+00:00,1.970516,2.05167,1.910973,1.992127,5301684.29
2026-06-16 16:00:00+00:00,1.992127,2.005601,1.992123,2.005596,3945685.48
2026-06-16 17:00:00+00:00,2.005596,2.025432,1.972864,1.9927,3331783.22
2026-06-16 18:00:00+00:00,1.9927,1.996307,1.953909,1.957516,7608640.99
2026-06-16 19:00:00+00:00,1.957516,1.992333,1.951433,1.98625,6267995.97
2026-06-16 20:00:00+00:00,1.98625,2.041244,1.960817,2.015811,6054653.47
2026-06-16 21:00:00+00:00,2.015811,2.033628,1.996902,2.01472,1315670.92
2026-06-16 22:00:00+00:00,2.01472,2.054792,1.992562,2.032635,4463575.36
2026-06-16 23:00:00+00:00,2.032635,2.067242,2.022792,2.0574,5344096.79
2026-06-17 00:00:00+00:00,2.0574,2.103149,2.038046,2.083796,6062045.21
2026-06-17 01:00:00+00:00,2.083796,2.171629,2.025189,2.113022,5816677.74
2026-06-17 02:00:00+00:00,2.113022,2.178756,2.037238,2.102972,2620629.37
2026-06-17 03:00:00+00:00,2.102972,2.191687,2.060626,2.149341,9347671.36
2026-06-17 04:00:00+00:00,2.149341,2.157903,2.108126,2.116688,6472559.97
2026-06-17 05:00:00+00:00,2.116688,2.215858,2.044973,2.144143,5853410.53
2026-06-17 06:00:00+00:00,2.144143,2.183706,2.121688,2.16125,3888453.77
2026-06-17 07:00:00+00:00,2.16125,2.195707,2.154874,2.189331,5559770.78
2026-06-17 08:00:00+00:00,2.189331,2.253113,2.183212,2.246993,10164300.83
2026-06-17 09:00:00+00:00,2.246993,2.310137,2.23085,2.293994,8767119.04
2026-06-17 10:00:00+00:00,2.293994,2.300205,2.257282,2.263492,5550528.77
2026-06-17 11:00:00+00:00,2.263492,2.279149,2.202478,2.218134,8659884.11
2026-06-17 12:00:00+00:00,2.218134,2.265702,2.196871,2.244439,5963679.39
2026-06-17 13:00:00+00:00,2.244439,2.255585,2.207839,2.218985,5403240.91
2026-06-17 14:00:00+00:00,2.218985,2.234011,2.206723,2.221749,1779561.65
2026-06-17 15:00:00+00:00,2.221749,2.281672,2.188231,2.248154,5215881.69
2026-06-17 16:00:00+00:00,2.248154,2.249498,2.204932,2.206277,7520284.66
2026-06-17 17:00:00+00:00,2.206277,2.229719,2.129891,2.153333,9510042.72
2026-06-17 18:00:00+00:00,2.153333,2.167816,2.148618,2.163102,3377272.46
2026-06-17 19:00:00+00:00,2.163102,2.194232,2.13615,2.16728,1653684.02
2026-06-17 20:00:00+00:00,2.16728,2.176634,2.15467,2.164024,2292754.52
2026-06-17 21:00:00+00:00,2.164024,2.180819,2.151236,2.168032,2291067.91
2026-06-17 22:00:00+00:00,2.168032,2.176878,2.140739,2.149585,3898985.02
2026-06-17 23:00:00+00:00,2.149585,2.151015,2.114264,2.115695,6425686.8
2026-06-18 00:00:00+00:00,2.115695,2.118735,2.111636,2.114676,1897391.05
2026-06-18 01:00:00+00:00,2.114676,2.121868,2.087619,2.094811,4854252.15
2026-06-18 02:00:00+00:00,2.094811,2.112037,2.042888,2.060113,6942921.51
2026-06-18 03:00:00+00:00,2.060113,2.09883,2.035658,2.074374,4186367.33
2026-06-18 04:00:00+00:00,2.074374,2.105776,2.04451,2.075912,1459970.12
2026-06-18 05:00:00+00:00,2.075912,2.088538,2.075159,2.087785,3349045.43
2026-06-18 06:00:00+00:00,2.087785,2.103955,2.053063,2.069233,4123317.56
2026-06-18 07:00:00+00:00,2.069233,2.07959,2.047793,2.05815,3455716.15
2026-06-18 08:00:00+00:00,2.05815,2.072153,2.026263,2.040265,4028688.9
2026-06-18 09:00:00+00:00,2.040265,2.043505,2.021875,2.025115,3691587.76
2026-06-18 10:00:00+00:00,2.025115,2.046192,2.010775,2.031852,2885723.57
2026-06-18 11:00:00+00:00,2.031852,2.054169,1.997023,2.019341,3581963.04
2026-06-18 12:00:00+00:00,2.019341,2.044135,2.004242,2.029036,3276239.88
2026-06-18 13:00:00+00:00,2.029036,2.081723,1.985666,2.038353,3277965.23
2026-06-18 14:00:00+00:00,2.038353,2.093607,2.02436,2.079614,8361001.66
2026-06-18 15:00:00+00:00,2.079614,2.116974,2.019096,2.056457,4971933.54
2026-06-18 16:00:00+00:00,2.056457,2.076383,2.055721,2.075648,4829302.72
2026-06-18 17:00:00+00:00,2.075648,2.096126,2.056456,2.076934,1324659.43
2026-06-18 18:00:00+00:00,2.076934,2.091129,2.065399,2.079594,1701179.72
2026-06-18 19:00:00+00:00,2.079594,2.102713,2.034175,2.057294,5081807.44
2026-06-18 20:00:00+00:00,2.057294,2.070184,2.039489,2.052379,1920581.38
2026-06-18 21:00:00+00:00,2.052379,2.097335,2.022674,2.06763,3601171.05
2026-06-18 22:00:00+00:00,2.06763,2.074474,2.062302,2.069146,1899385.93
2026-06-18 23:00:00+00:00,2.069146,2.073501,2.069076,2.073431,2439108.01
2026-06-19 00:00:00+00:00,2.073431,2.091824,2.052873,2.071266,1722746.16
2026-06-19 01:00:00+00:00,2.071266,2.138828,2.027232,2.094794,5196748.72
2026-06-19 02:00:00+00:00,2.094794,2.121079,2.07105,2.097335,1616268.95
2026-06-19 03:00:00+00:00,2.097335,2.099888,2.057025,2.059578,7644490.68
2026-06-19 04:00:00+00:00,2.059578,2.066159,2.043002,2.049583,3219999.25
2026-06-19 05:00:00+00:00,2.049583,2.06104,2.004111,2.015568,7574149.45
2026-06-19 06:00:00+00:00,2.015568,2.026807,1.946588,1.957828,10836805.53
2026-06-19 07:00:00+00:00,1.957828,1.977504,1.931018,1.950694,3139092.69
2026-06-19 08:00:00+00:00,1.950694,1.979821,1.949689,1.978816,6814861.0
2026-06-19 09:00:00+00:00,1.978816,2.000982,1.960341,1.982507,1974390.85
2026-06-19 10:00:00+00:00,1.982507,1.983712,1.960955,1.96216,5202791.78
2026-06-19 11:00:00+00:00,1.96216,1.964058,1.94435,1.946248,4569290.59
2026-06-19 12:00:00+00:00,1.946248,2.019314,1.898726,1.971792,6046023.03
2026-06-19 13:00:00+00:00,1.971792,1.995387,1.954213,1.977808,2315616.18
2026-06-19 14:00:00+00:00,1.977808,1.984142,1.975252,1.981586,2266106.38
2026-06-19 15:00:00+00:00,1.981586,1.986722,1.978087,1.983223,2155309.96
2026-06-19 16:00:00+00:00,1.983223,1.996285,1.97377,1.986832,1719717.4
2026-06-19 17:00:00+00:00,1.986832,2.030511,1.963675,2.007354,4943519.12
2026-06-19 18:00:00+00:00,2.007354,2.033672,1.996283,2.022601,3572905.92
2026-06-19 19:00:00+00:00,2.022601,2.049214,2.003762,2.030376,3138098.06
2026-06-19 20:00:00+00:00,2.030376,2.068056,1.971446,2.009126,5324465.67
2026-06-19 21:00:00+00:00,2.009126,2.045541,1.987452,2.023866,3509728.71
2026-06-19 22:00:00+00:00,2.023866,2.036476,1.997943,2.010553,3970311.03
2026-06-19 23:00:00+00:00,2.010553,2.040666,2.009452,2.039566,6520473.62
2026-06-20 00:00:00+00:00,2.039566,2.06396,1.987262,2.011656,5770285.15
2026-06-20 01:00:00+00:00,2.011656,2.020699,2.002089,2.011133,1612827.47
2026-06-20 02:00:00+00:00,2.011133,2.014542,2.010361,2.01377,2131010.59
2026-06-20 03:00:00+00:00,2.01377,2.026045,1.969952,1.982228,6656357.11
2026-06-20 04:00:00+00:00,1.982228,2.040962,1.967312,2.026046,8873144.24
2026-06-20 05:00:00+00:00,2.026046,2.07092,2.019575,2.064449,8304766.69
2026-06-20 06:00:00+00:00,2.064449,2.111575,2.006307,2.053433,3439083.23
2026-06-20 07:00:00+00:00,2.053433,2.105121,2.023042,2.07473,4979610.64
2026-06-20 08:00:00+00:00,2.07473,2.12913,2.031469,2.085869,2870805.96
2026-06-20 09:00:00+00:00,2.085869,2.142889,1.960625,2.017644,12329523.71
2026-06-20 10:00:00+00:00,2.017644,2.034137,2.008746,2.025239,3116974.35
2026-06-20 11:00:00+00:00,2.025239,2.03105,2.018814,2.024625,1844804.53
2026-06-20 12:00:00+00:00,2.024625,2.037863,2.014621,2.02786,2373226.15
2026-06-20 13:00:00+00:00,2.02786,2.04929,1.978683,2.000113,6221554.93
2026-06-20 14:00:00+00:00,2.000113,2.001737,1.992316,1.993939,2617975.82
2026-06-20 15:00:00+00:00,1.993939,1.994072,1.990042,1.990175,2167522.34
2026-06-20 16:00:00+00:00,1.990175,2.025543,1.987936,2.023304,7299399.49
2026-06-20 17:00:00+00:00,2.023304,2.085199,1.971607,2.033502,3024803.71
2026-06-20 18:00:00+00:00,2.033502,2.038444,2.029424,2.034366,1639765.3
2026-06-20 19:00:00+00:00,2.034366,2.102595,2.010097,2.078327,8675391.13
2026-06-20 20:00:00+00:00,2.078327,2.09382,2.048106,2.0636,4058397.24
2026-06-20 21:00:00+00:00,2.0636,2.070011,2.04719,2.053601,2853170.99
2026-06-20 22:00:00+00:00,2.053601,2.071318,1.986043,2.003759,9306176.08
2026-06-20 23:00:00+00:00,2.003759,2.074196,1.978334,2.04877,8575776.21
2026-06-21 00:00:00+00:00,2.04877,2.091711,2.034462,2.077403,5857088.52
2026-06-21 01:00:00+00:00,2.077403,2.132156,2.050357,2.105109,6322602.11
2026-06-21 02:00:00+00:00,2.105109,2.160642,2.070347,2.125881,5026168.31
2026-06-21 03:00:00+00:00,2.125881,2.164001,2.092095,2.130215,2436521.17
2026-06-21 04:00:00+00:00,2.130215,2.179216,2.088707,2.137707,2627496.45
2026-06-21 05:00:00+00:00,2.137707,2.142049,2.126909,2.131252,2122111.2
2026-06-21 06:00:00+00:00,2.131252,2.136433,2.121069,2.126251,2257075.8
2026-06-21 07:00:00+00:00,2.126251,2.153521,2.101661,2.128932,2287730.3
2026-06-21 08:00:00+00:00,2.128932,2.217179,2.087312,2.175559,8811201.84
2026-06-21 09:00:00+00:00,2.175559,2.200071,2.169129,2.193641,4421615.2
2026-06-21 10:00:00+00:00,2.193641,2.209915,2.17667,2.192944,1481272.59
2026-06-21 11:00:00+00:00,2.192944,2.20416,2.165132,2.176348,3710529.11
2026-06-21 12:00:00+00:00,2.176348,2.228809,2.105762,2.158223,4445326.08
2026-06-21 13:00:00+00:00,2.158223,2.235478,2.130819,2.208074,9181519.22
2026-06-21 14:00:00+00:00,2.208074,2.225438,2.20744,2.224804,3889694.89
2026-06-21 15:00:00+00:00,2.224804,2.255481,2.197328,2.228005,1743059.3
2026-06-21 16:00:00+00:00,2.228005,2.258415,2.18805,2.21846,3142985.86
2026-06-21 17:00:00+00:00,2.21846,2.220884,2.183416,2.18584,6310530.04
2026-06-21 18:00:00+00:00,2.18584,2.191533,2.179229,2.184922,1717628.86
2026-06-21 19:00:00+00:00,2.184922,2.237579,2.159712,2.21237,5467461.33
2026-06-21 20:00:00+00:00,2.21237,2.224476,2.189528,2.201634,3392931.8
2026-06-21 21:00:00+00:00,2.201634,2.209034,2.188533,2.195933,2248872.94
2026-06-21 22:00:00+00:00,2.195933,2.213917,2.172475,2.19046,2319504.36
2026-06-21 23:00:00+00:00,2.19046,2.246652,2.138606,2.194797,2594303.69
2026-06-22 00:00:00+00:00,2.194797,2.195731,2.148515,2.149449,8755223.81
2026-06-22 01:00:00+00:00,2.149449,2.192298,2.100929,2.143777,2626868.16
2026-06-22 02:00:00+00:00,2.143777,2.168008,2.096432,2.120663,4993024.81
2026-06-22 03:00:00+00:00,2.120663,2.187929,2.079365,2.146632,5942479.14
2026-06-22 04:00:00+00:00,2.146632,2.180001,2.092747,2.126116,4622399.3
2026-06-22 05:00:00+00:00,2.126116,2.17966,2.089682,2.143226,4689827.32
2026-06-22 06:00:00+00:00,2.143226,2.193406,2.136815,2.186995,8709590.73
2026-06-22 07:00:00+00:00,2.186995,2.22953,2.136761,2.179296,2847655.47
2026-06-22 08:00:00+00:00,2.179296,2.197317,2.145717,2.163737,4246401.98
2026-06-22 09:00:00+00:00,2.163737,2.204637,2.129164,2.170064,2528145.23
2026-06-22 10:00:00+00:00,2.170064,2.180889,2.160269,2.171094,1893034.45
2026-06-22 11:00:00+00:00,2.171094,2.18912,2.127495,2.145521,5118385.92
2026-06-22 12:00:00+00:00,2.145521,2.167786,2.13655,2.158815,4070592.62
2026-06-22 13:00:00+00:00,2.158815,2.221366,2.151127,2.213678,10258494.44
2026-06-22 14:00:00+00:00,2.213678,2.230755,2.190809,2.207886,2025329.1
2026-06-22 15:00:00+00:00,2.207886,2.239059,2.172462,2.203635,1892279.49
2026-06-22 16:00:00+00:00,2.203635,2.234903,2.146354,2.177622,5577229.31
2026-06-22 17:00:00+00:00,2.177622,2.217245,2.147249,2.186872,3191349.83
2026-06-22 18:00:00+00:00,2.186872,2.220907,2.122542,2.156577,5850561.68
2026-06-22 19:00:00+00:00,2.156577,2.17272,2.114322,2.130465,6066407.01
2026-06-22 20:00:00+00:00,2.130465,2.200129,2.092978,2.162641,6398049.7
2026-06-22 21:00:00+00:00,2.162641,2.165779,2.138778,2.141917,5240357.97
2026-06-22 22:00:00+00:00,2.141917,2.176265,2.134395,2.168744,5947743.45
2026-06-22 23:00:00+00:00,2.168744,2.215426,2.159524,2.206207,7257948.49
2026-06-23 00:00:00+00:00,2.206207,2.235193,2.184494,2.213481,2472078.09
2026-06-23 01:00:00+00:00,2.213481,2.236162,2.204959,2.227641,3245727.16
2026-06-23 02:00:00+00:00,2.227641,2.296846,2.205586,2.274791,8147372.58
2026-06-23 03:00:00+00:00,2.274791,2.308659,2.237444,2.271311,2145478.1
2026-06-23 04:00:00+00:00,2.271311,2.286616,2.243474,2.258779,3638405.48
2026-06-23 05:00:00+00:00,2.258779,2.263677,2.224568,2.229467,6309934.14
2026-06-23 06:00:00+00:00,2.229467,2.251907,2.209059,2.2315,1672231.37
2026-06-23 07:00:00+00:00,2.2315,2.288302,2.208123,2.264925,6948742.51
2026-06-23 08:00:00+00:00,2.264925,2.294391,2.257471,2.286937,4556570.34
2026-06-23 09:00:00+00:00,2.286937,2.339333,2.215511,2.267907,4756249.35
2026-06-23 10:00:00+00:00,2.267907,2.281963,2.237117,2.251173,4414853.15
2026-06-23 11:00:00+00:00,2.251173,2.260471,2.23271,2.242008,2529964.92
2026-06-23 12:00:00+00:00,2.242008,2.268739,2.222257,2.248987,2908326.16
2026-06-23 13:00:00+00:00,2.248987,2.252898,2.242157,2.246068,2141544.68
2026-06-23 14:00:00+00:00,2.246068,2.274427,2.22298,2.25134,2492690.81
2026-06-23 15:00:00+00:00,2.25134,2.267356,2.242098,2.258114,2853065.72
2026-06-23 16:00:00+00:00,2.258114,2.279286,2.232491,2.253663,2201762.01
2026-06-23 17:00:00+00:00,2.253663,2.291157,2.216561,2.254055,1565392.85
2026-06-23 18:00:00+00:00,2.254055,2.267139,2.24585,2.258934,2095791.83
2026-06-23 19:00:00+00:00,2.258934,2.28179,2.23565,2.258506,1929027.79
2026-06-23 20:00:00+00:00,2.258506,2.273693,2.253992,2.269179,3490076.63
2026-06-23 21:00:00+00:00,2.269179,2.315221,2.260801,2.306843,6708860.45
2026-06-23 22:00:00+00:00,2.306843,2.334123,2.292624,2.319905,3675120.07
2026-06-23 23:00:00+00:00,2.319905,2.338464,2.303652,2.322212,1610577.56
2026-06-24 00:00:00+00:00,2.322212,2.332264,2.278276,2.288328,6137937.39
2026-06-24 01:00:00+00:00,2.288328,2.317088,2.268875,2.297635,2565231.0
2026-06-24 02:00:00+00:00,2.297635,2.301397,2.253638,2.2574,7527651.75
2026-06-24 03:00:00+00:00,2.2574,2.273701,2.212231,2.228531,5617918.75
2026-06-24 04:00:00+00:00,2.228531,2.261848,2.214786,2.248103,4189373.3
2026-06-24 05:00:00+00:00,2.248103,2.27219,2.240763,2.264851,3600074.75
2026-06-24 06:00:00+00:00,2.264851,2.266957,2.260497,2.262603,1659299.21
2026-06-24 07:00:00+00:00,2.262603,2.326125,2.161422,2.224943,7431314.18
2026-06-24 08:00:00+00:00,2.224943,2.241063,2.201471,2.217591,2137107.69
2026-06-24 09:00:00+00:00,2.217591,2.249331,2.171341,2.203081,3695220.19
2026-06-24 10:00:00+00:00,2.203081,2.220277,2.201855,2.219051,4037114.42
2026-06-24 11:00:00+00:00,2.219051,2.277543,2.215965,2.274457,9361733.79
2026-06-24 12:00:00+00:00,2.274457,2.298808,2.256604,2.280955,2255470.62
2026-06-24 13:00:00+00:00,2.280955,2.30318,2.240413,2.262638,4623904.0
2026-06-24 14:00:00+00:00,2.262638,2.294112,2.200993,2.232466,6518992.48
2026-06-24 15:00:00+00:00,2.232466,2.240722,2.221908,2.230164,2198085.46
2026-06-24 16:00:00+00:00,2.230164,2.24539,2.209558,2.224784,1983743.81
2026-06-24 17:00:00+00:00,2.224784,2.23839,2.180954,2.194559,6374416.66
2026-06-24 18:00:00+00:00,2.194559,2.209715,2.181504,2.19666,1773359.99
2026-06-24 19:00:00+00:00,2.19666,2.211494,2.151358,2.166192,5878209.68
2026-06-24 20:00:00+00:00,2.166192,2.230746,2.129649,2.194203,5811244.69
2026-06-24 21:00:00+00:00,2.194203,2.232741,2.183017,2.221554,6098183.57
2026-06-24 22:00:00+00:00,2.221554,2.279124,2.192564,2.250134,6185538.69
2026-06-24 23:00:00+00:00,2.250134,2.291745,2.19458,2.236191,3486502.52
2026-06-25 00:00:00+00:00,2.236191,2.254171,2.231601,2.249581,3075517.26
2026-06-25 01:00:00+00:00,2.249581,2.291235,2.203321,2.244975,2591328.17
2026-06-25 02:00:00+00:00,2.244975,2.278145,2.199944,2.233114,3771720.66
2026-06-25 03:00:00+00:00,2.233114,2.273694,2.182049,2.222629,3097705.0
2026-06-25 04:00:00+00:00,2.222629,2.267135,2.140585,2.185091,6966113.41
2026-06-25 05:00:00+00:00,2.185091,2.208515,2.120509,2.143932,7952912.85
2026-06-25 06:00:00+00:00,2.143932,2.199929,2.109297,2.165294,5037792.18
2026-06-25 07:00:00+00:00,2.165294,2.181827,2.14249,2.159023,2459668.5
2026-06-25 08:00:00+00:00,2.159023,2.213163,2.110175,2.164314,2177547.28
2026-06-25 09:00:00+00:00,2.164314,2.221446,2.1352,2.192331,5582748.42
2026-06-25 10:00:00+00:00,2.192331,2.19525,2.138538,2.141457,9210216.46
2026-06-25 11:00:00+00:00,2.141457,2.147131,2.112571,2.118244,4723275.57
2026-06-25 12:00:00+00:00,2.118244,2.124832,2.115811,2.1224,1915606.7
2026-06-25 13:00:00+00:00,2.1224,2.137886,2.117344,2.132831,3605553.82
2026-06-25 14:00:00+00:00,2.132831,2.148124,2.10579,2.121084,2869476.4
2026-06-25 15:00:00+00:00,2.121084,2.151172,2.120127,2.150215,6324932.05
2026-06-25 16:00:00+00:00,2.150215,2.203067,2.102705,2.155558,2625278.68
2026-06-25 17:00:00+00:00,2.155558,2.205133,2.069483,2.119059,7160497.98
2026-06-25 18:00:00+00:00,2.119059,2.126513,2.083745,2.091199,6055831.01
2026-06-25 19:00:00+00:00,2.091199,2.140291,2.064686,2.113778,4840525.09
2026-06-25 20:00:00+00:00,2.113778,2.132081,2.108263,2.126566,3700901.52
2026-06-25 21:00:00+00:00,2.126566,2.150732,2.04618,2.070346,10738173.7
2026-06-25 22:00:00+00:00,2.070346,2.110416,2.068654,2.108724,7925221.09
2026-06-25 23:00:00+00:00,2.108724,2.148456,2.085806,2.125538,4168439.25
2026-06-26 00:00:00+00:00,2.125538,2.213006,2.077462,2.164931,8159698.03
2026-06-26 01:00:00+00:00,2.164931,2.198248,2.119169,2.152486,3809381.77
2026-06-26 02:00:00+00:00,2.152486,2.170569,2.124657,2.142741,3101855.69
2026-06-26 03:00:00+00:00,2.142741,2.16111,2.090004,2.108374,7131889.31
2026-06-26 04:00:00+00:00,2.108374,2.189307,2.102796,2.183729,13110655.04
2026-06-26 05:00:00+00:00,2.183729,2.262533,2.098697,2.177501,2906166.3
2026-06-26 06:00:00+00:00,2.177501,2.249052,2.153962,2.225512,8995758.89
2026-06-26 07:00:00+00:00,2.225512,2.232308,2.19779,2.204585,5079267.66
2026-06-26 08:00:00+00:00,2.204585,2.256673,2.156662,2.20875,1924811.55
2026-06-26 09:00:00+00:00,2.20875,2.217389,2.148376,2.157015,9970766.65
2026-06-26 10:00:00+00:00,2.157015,2.164707,2.137003,2.144694,3036136.23
2026-06-26 11:00:00+00:00,2.144694,2.215966,2.102055,2.173327,6000298.57
2026-06-26 12:00:00+00:00,2.173327,2.215662,2.092773,2.135108,7090390.88
2026-06-26 13:00:00+00:00,2.135108,2.220192,2.081024,2.166108,6048212.41
2026-06-26 14:00:00+00:00,2.166108,2.17618,2.165252,2.175323,3195052.48
2026-06-26 15:00:00+00:00,2.175323,2.18179,2.137044,2.143511,6031521.96
2026-06-26 16:00:00+00:00,2.143511,2.190638,2.080875,2.128003,3830037.94
2026-06-26 17:00:00+00:00,2.128003,2.153442,2.088449,2.113889,3434479.47
2026-06-26 18:00:00+00:00,2.113889,2.191298,2.034216,2.111625,2211501.79
2026-06-26 19:00:00+00:00,2.111625,2.131916,2.075262,2.095554,3657250.89
2026-06-26 20:00:00+00:00,2.095554,2.130729,2.036386,2.07156,5217910.22
2026-06-26 21:00:00+00:00,2.07156,2.086503,2.047376,2.062319,3363192.41
2026-06-26 22:00:00+00:00,2.062319,2.088943,2.006925,2.033548,6421961.08
2026-06-26 23:00:00+00:00,2.033548,2.068843,1.963099,1.998394,7580865.88
2026-06-27 00:00:00+00:00,1.998394,2.030756,1.963969,1.996331,2339217.88
2026-06-27 01:00:00+00:00,1.996331,2.024196,1.990784,2.018648,4770334.35
2026-06-27 02:00:00+00:00,2.018648,2.025795,1.971107,1.978254,8477627.93
2026-06-27 03:00:00+00:00,1.978254,2.000711,1.955095,1.977552,1864566.38
2026-06-27 04:00:00+00:00,1.977552,1.987962,1.950018,1.960428,4679395.99
2026-06-27 05:00:00+00:00,1.960428,1.969911,1.926059,1.935542,6019938.83
2026-06-27 06:00:00+00:00,1.935542,1.974327,1.916835,1.955621,4550609.44
2026-06-27 07:00:00+00:00,1.955621,1.98681,1.911074,1.942264,3393852.0
2026-06-27 08:00:00+00:00,1.942264,1.97923,1.940763,1.977729,7871657.68
2026-06-27 09:00:00+00:00,1.977729,1.994738,1.941163,1.958172,4961289.54
2026-06-27 10:00:00+00:00,1.958172,1.997731,1.927016,1.966575,2705941.04
2026-06-27 11:00:00+00:00,1.966575,1.996343,1.930668,1.960437,2062945.58
2026-06-27 12:00:00+00:00,1.960437,1.971738,1.930887,1.942188,4685446.02
2026-06-27 13:00:00+00:00,1.942188,1.997402,1.899646,1.95486,3282339.37
2026-06-27 14:00:00+00:00,1.95486,1.985399,1.920025,1.950563,2490121.66
2026-06-27 15:00:00+00:00,1.950563,2.000223,1.913682,1.963342,3541559.13
2026-06-27 16:00:00+00:00,1.963342,1.967401,1.957443,1.961503,2123286.93
2026-06-27 17:00:00+00:00,1.961503,1.970369,1.928111,1.936977,5336305.35
2026-06-27 18:00:00+00:00,1.936977,1.979994,1.890998,1.934014,2010012.74
2026-06-27 19:00:00+00:00,1.934014,1.966033,1.90232,1.93434,1156540.15
2026-06-27 20:00:00+00:00,1.93434,1.968021,1.920002,1.953683,5134010.89
2026-06-27 21:00:00+00:00,1.953683,1.972489,1.91533,1.934136,4949179.68
2026-06-27 22:00:00+00:00,1.934136,1.938538,1.928161,1.932563,1508796.17
2026-06-27 23:00:00+00:00,1.932563,1.938992,1.891208,1.897636,8109907.08
2026-06-28 00:00:00+00:00,1.897636,1.942859,1.864314,1.909537,3789055.2
2026-06-28 01:00:00+00:00,1.909537,1.915964,1.881696,1.888122,5137449.04
2026-06-28 02:00:00+00:00,1.888122,1.909354,1.832667,1.853898,8020629.88
2026-06-28 03:00:00+00:00,1.853898,1.877681,1.828304,1.852087,1709410.42
2026-06-28 04:00:00+00:00,1.852087,1.877119,1.84606,1.871092,5383356.59
2026-06-28 05:00:00+00:00,1.871092,1.876403,1.838315,1.843626,6281277.52
2026-06-28 06:00:00+00:00,1.843626,1.86685,1.801151,1.824374,5522356.53
2026-06-28 07:00:00+00:00,1.824374,1.840655,1.795042,1.811323,3482328.45
2026-06-28 08:00:00+00:00,1.811323,1.819912,1.783775,1.792364,5280972.49
2026-06-28 09:00:00+00:00,1.792364,1.806773,1.783231,1.79764,2282113.68
2026-06-28 10:00:00+00:00,1.79764,1.807557,1.774513,1.78443,3909876.58
2026-06-28 11:00:00+00:00,1.78443,1.793782,1.763484,1.772837,3832884.1
2026-06-28 12:00:00+00:00,1.772837,1.789216,1.764368,1.780746,2546122.64
2026-06-28 13:00:00+00:00,1.780746,1.806471,1.743376,1.769101,3434939.47
2026-06-28 14:00:00+00:00,1.769101,1.778966,1.764667,1.774532,2137169.07
2026-06-28 15:00:00+00:00,1.774532,1.7805,1.753834,1.759802,4549081.05
2026-06-28 16:00:00+00:00,1.759802,1.768116,1.733108,1.741423,4759759.36
2026-06-28 17:00:00+00:00,1.741423,1.772556,1.682668,1.713801,6887192.18
2026-06-28 18:00:00+00:00,1.713801,1.745198,1.709537,1.740934,6622715.27
2026-06-28 19:00:00+00:00,1.740934,1.752439,1.723826,1.735331,2322481.94
2026-06-28 20:00:00+00:00,1.735331,1.7631,1.710671,1.73844,2538314.1
2026-06-28 21:00:00+00:00,1.73844,1.773208,1.702483,1.737251,1737913.69
2026-06-28 22:00:00+00:00,1.737251,1.781382,1.69501,1.73914,2016741.06
2026-06-28 23:00:00+00:00,1.73914,1.757791,1.720611,1.739262,1727854.8
2026-06-29 00:00:00+00:00,1.739262,1.787021,1.722979,1.770738,7866278.46
2026-06-29 01:00:00+00:00,1.770738,1.791854,1.731049,1.752164,4817190.89
2026-06-29 02:00:00+00:00,1.752164,1.76898,1.707799,1.724615,6420101.9
2026-06-29 03:00:00+00:00,1.724615,1.727186,1.703872,1.706444,5037264.36
2026-06-29 04:00:00+00:00,1.706444,1.726422,1.662666,1.682644,5903744.56
2026-06-29 05:00:00+00:00,1.682644,1.706071,1.671628,1.695054,3497085.07
2026-06-29 06:00:00+00:00,1.695054,1.721925,1.682194,1.709064,4693947.16
2026-06-29 07:00:00+00:00,1.709064,1.754568,1.645448,1.690951,5217623.74
2026-06-29 08:00:00+00:00,1.690951,1.741876,1.614131,1.665056,6615828.59
2026-06-29 09:00:00+00:00,1.665056,1.677915,1.645075,1.657934,2581121.29
2026-06-29 10:00:00+00:00,1.657934,1.716992,1.623988,1.683046,6827932.78
2026-06-29 11:00:00+00:00,1.683046,1.699735,1.613241,1.62993,12341321.96
2026-06-29 12:00:00+00:00,1.62993,1.666402,1.602589,1.63906,3057066.39
2026-06-29 13:00:00+00:00,1.63906,1.668648,1.588673,1.618261,6286687.2
2026-06-29 14:00:00+00:00,1.618261,1.666908,1.588658,1.637305,5894164.45
2026-06-29 15:00:00+00:00,1.637305,1.637708,1.615635,1.616038,6333763.67
2026-06-29 16:00:00+00:00,1.616038,1.639042,1.586918,1.609922,3104594.13
2026-06-29 17:00:00+00:00,1.609922,1.613286,1.577074,1.580439,7761278.93
2026-06-29 18:00:00+00:00,1.580439,1.622135,1.519502,1.561198,5428841.44
2026-06-29 19:00:00+00:00,1.561198,1.620342,1.528129,1.587273,7234435.08
2026-06-29 20:00:00+00:00,1.587273,1.604625,1.585452,1.602804,4433279.54
2026-06-29 21:00:00+00:00,1.602804,1.622503,1.574464,1.594162,3438994.19
2026-06-29 22:00:00+00:00,1.594162,1.597421,1.57293,1.576189,4887681.14
2026-06-29 23:00:00+00:00,1.576189,1.578314,1.536067,1.538192,9238175.68
2026-06-30 00:00:00+00:00,1.538192,1.575923,1.492133,1.529864,3545178.27
2026-06-30 01:00:00+00:00,1.529864,1.555394,1.503114,1.528644,1611582.98
2026-06-30 02:00:00+00:00,1.528644,1.529532,1.525481,1.526369,2199319.78
2026-06-30 03:00:00+00:00,1.526369,1.550415,1.499846,1.523892,2327383.8
2026-06-30 04:00:00+00:00,1.523892,1.539268,1.485619,1.500996,6937676.16
2026-06-30 05:00:00+00:00,1.500996,1.507672,1.492405,1.499081,2045945.96
2026-06-30 06:00:00+00:00,1.499081,1.51721,1.479583,1.497711,2154890.11
2026-06-30 07:00:00+00:00,1.497711,1.548464,1.472421,1.523174,7340671.53
2026-06-30 08:00:00+00:00,1.523174,1.56711,1.517319,1.561255,10250102.69
2026-06-30 09:00:00+00:00,1.561255,1.58905,1.52995,1.557745,2655384.46
2026-06-30 10:00:00+00:00,1.557745,1.560202,1.538556,1.541012,4683202.11
2026-06-30 11:00:00+00:00,1.541012,1.575256,1.504789,1.539032,1700968.45
2026-06-30 12:00:00+00:00,1.539032,1.554733,1.509978,1.525679,4325901.92
2026-06-30 13:00:00+00:00,1.525679,1.530362,1.504916,1.509598,4823498.39
2026-06-30 14:00:00+00:00,1.509598,1.528241,1.489133,1.507776,1584084.27
2026-06-30 15:00:00+00:00,1.507776,1.531378,1.461995,1.485597,6868072.48
2026-06-30 16:00:00+00:00,1.485597,1.523175,1.45995,1.497528,3721079.38
2026-06-30 17:00:00+00:00,1.497528,1.527734,1.464565,1.49477,1803181.14
2026-06-30 18:00:00+00:00,1.49477,1.548686,1.445465,1.499381,2798313.53
2026-06-30 19:00:00+00:00,1.499381,1.50945,1.484894,1.494963,2217872.37
2026-06-30 20:00:00+00:00,1.494963,1.509759,1.464471,1.479267,4815875.8
2026-06-30 21:00:00+00:00,1.479267,1.493645,1.44483,1.459209,6568705.78
2026-06-30 22:00:00+00:00,1.459209,1.466009,1.446992,1.453791,3016323.2
2026-06-30 23:00:00+00:00,1.453791,1.469968,1.425914,1.44209,4172389.73
2026-07-01 00:00:00+00:00,1.44209,1.452134,1.436199,1.446242,2105068.89
2026-07-01 01:00:00+00:00,1.446242,1.451902,1.439914,1.445574,1424772.1
2026-07-01 02:00:00+00:00,1.445574,1.45762,1.405667,1.417713,8540422.86
2026-07-01 03:00:00+00:00,1.417713,1.429969,1.40622,1.418477,1972555.29
2026-07-01 04:00:00+00:00,1.418477,1.426335,1.383706,1.391565,7525842.44
2026-07-01 05:00:00+00:00,1.391565,1.424671,1.345993,1.3791,4739539.07
2026-07-01 06:00:00+00:00,1.3791,1.387546,1.364463,1.37291,2892166.76
2026-07-01 07:00:00+00:00,1.37291,1.399262,1.307,1.333352,11573802.65
2026-07-01 08:00:00+00:00,1.333352,1.337187,1.330675,1.334511,1588187.11
2026-07-01 09:00:00+00:00,1.334511,1.354464,1.316811,1.336764,1698937.53
2026-07-01 10:00:00+00:00,1.336764,1.338625,1.331461,1.333322,1888740.63
2026-07-01 11:00:00+00:00,1.333322,1.341574,1.316789,1.325041,3395549.43
2026-07-01 12:00:00+00:00,1.325041,1.350662,1.292132,1.317753,3719143.85
2026-07-01 13:00:00+00:00,1.317753,1.33217,1.285384,1.2998,6514672.14
2026-07-01 14:00:00+00:00,1.2998,1.316384,1.277947,1.294531,3052424.44
2026-07-01 15:00:00+00:00,1.294531,1.307492,1.271421,1.284382,4400562.96
2026-07-01 16:00:00+00:00,1.284382,1.314961,1.254874,1.285453,1475528.03
2026-07-01 17:00:00+00:00,1.285453,1.299862,1.249988,1.264398,6920560.39
2026-07-01 18:00:00+00:00,1.264398,1.273758,1.258501,1.267861,2821246.62
2026-07-01 19:00:00+00:00,1.267861,1.294373,1.243247,1.269758,2490188.65
2026-07-01 20:00:00+00:00,1.269758,1.294984,1.241664,1.26689,2205333.68
2026-07-01 21:00:00+00:00,1.26689,1.291557,1.23447,1.259137,3844931.22
2026-07-01 22:00:00+00:00,1.259137,1.278483,1.248342,1.267687,4214466.38
2026-07-01 23:00:00+00:00,1.267687,1.312119,1.19586,1.240291,9360666.62
2026-07-02 00:00:00+00:00,1.240291,1.289395,1.198013,1.247118,3145655.7
2026-07-02 01:00:00+00:00,1.247118,1.275509,1.222078,1.250469,2558685.64
2026-07-02 02:00:00+00:00,1.250469,1.270728,1.234177,1.254435,2457292.78
2026-07-02 03:00:00+00:00,1.254435,1.262604,1.251778,1.259947,2942621.51
2026-07-02 04:00:00+00:00,1.259947,1.263262,1.245985,1.2493,4322085.84
2026-07-02 05:00:00+00:00,1.2493,1.25086,1.243275,1.244835,2485289.4
2026-07-02 06:00:00+00:00,1.244835,1.276585,1.22225,1.254,3491387.97
2026-07-02 07:00:00+00:00,1.254,1.27033,1.243675,1.260005,3376846.2
2026-07-02 08:00:00+00:00,1.260005,1.269636,1.252973,1.262604,2390355.17
2026-07-02 09:00:00+00:00,1.262604,1.265856,1.236538,1.23979,7986340.21
2026-07-02 10:00:00+00:00,1.23979,1.266785,1.222336,1.249331,3737157.17
2026-07-02 11:00:00+00:00,1.249331,1.269215,1.248166,1.26805,6249527.9
2026-07-02 12:00:00+00:00,1.26805,1.318872,1.233688,1.28451,5943054.85
2026-07-02 13:00:00+00:00,1.28451,1.300086,1.274124,1.289699,3295450.2
2026-07-02 14:00:00+00:00,1.289699,1.293358,1.26568,1.269339,6835129.45
2026-07-02 15:00:00+00:00,1.269339,1.311345,1.242327,1.284334,5159163.53
2026-07-02 16:00:00+00:00,1.284334,1.301766,1.266652,1.284083,1660484.34
2026-07-02 17:00:00+00:00,1.284083,1.301856,1.233768,1.25154,10609444.89
2026-07-02 18:00:00+00:00,1.25154,1.270795,1.239033,1.258288,3680330.97
2026-07-02 19:00:00+00:00,1.258288,1.265132,1.233812,1.240656,6655163.83
2026-07-02 20:00:00+00:00,1.240656,1.241432,1.225225,1.226001,5415612.62
2026-07-02 21:00:00+00:00,1.226001,1.238863,1.207011,1.219874,2950762.38
2026-07-02 22:00:00+00:00,1.219874,1.24142,1.215591,1.237137,6606693.58
2026-07-02 23:00:00+00:00,1.237137,1.24335,1.228168,1.234381,2539607.74
2026-07-03 00:00:00+00:00,1.234381,1.245159,1.228563,1.239341,3203012.86
2026-07-03 01:00:00+00:00,1.239341,1.270816,1.230331,1.261805,7445605.93
2026-07-03 02:00:00+00:00,1.261805,1.290277,1.25401,1.282481,6764176.03
2026-07-03 03:00:00+00:00,1.282481,1.289849,1.275695,1.283063,1393097.3
2026-07-03 04:00:00+00:00,1.283063,1.293529,1.271604,1.28207,2131374.15
2026-07-03 05:00:00+00:00,1.28207,1.285239,1.266468,1.269637,5204103.07
2026-07-03 06:00:00+00:00,1.269637,1.270734,1.262678,1.263775,2926669.78
2026-07-03 07:00:00+00:00,1.263775,1.281264,1.252651,1.270139,3567487.98
2026-07-03 08:00:00+00:00,1.270139,1.304445,1.241826,1.276131,2967715.76
2026-07-03 09:00:00+00:00,1.276131,1.287908,1.267297,1.279074,2224204.22
2026-07-03 10:00:00+00:00,1.279074,1.291501,1.278714,1.291141,4731245.43
2026-07-03 11:00:00+00:00,1.291141,1.292938,1.283058,1.284856,2866002.28
2026-07-03 12:00:00+00:00,1.284856,1.295194,1.275719,1.286058,1582576.37
2026-07-03 13:00:00+00:00,1.286058,1.305779,1.276124,1.295846,3822201.73
2026-07-03 14:00:00+00:00,1.295846,1.315484,1.28457,1.304209,3428263.64
2026-07-03 15:00:00+00:00,1.304209,1.322945,1.299634,1.31837,5155494.62
2026-07-03 16:00:00+00:00,1.31837,1.329968,1.313312,1.32491,2768318.69
2026-07-03 17:00:00+00:00,1.32491,1.333862,1.314086,1.323037,2257208.77
2026-07-03 18:00:00+00:00,1.323037,1.33425,1.318128,1.32934,2776620.15
2026-07-03 19:00:00+00:00,1.32934,1.331791,1.316245,1.318697,4153412.38
2026-07-03 20:00:00+00:00,1.318697,1.333855,1.284825,1.299984,6458866.04
2026-07-03 21:00:00+00:00,1.299984,1.330122,1.27904,1.309179,3513645.52
2026-07-03 22:00:00+00:00,1.309179,1.316864,1.302614,1.310299,1697396.71
2026-07-03 23:00:00+00:00,1.310299,1.33983,1.28667,1.316202,3078165.2
2026-07-04 00:00:00+00:00,1.316202,1.326718,1.28493,1.295447,6907433.74
2026-07-04 01:00:00+00:00,1.295447,1.315348,1.272474,1.292375,2692762.53
2026-07-04 02:00:00+00:00,1.292375,1.295726,1.28272,1.28607,3433137.54
2026-07-04 03:00:00+00:00,1.28607,1.295801,1.266362,1.276093,3746029.88
2026-07-04 04:00:00+00:00,1.276093,1.312458,1.210833,1.247199,9552416.13
2026-07-04 05:00:00+00:00,1.247199,1.263825,1.227761,1.244387,2310426.74
2026-07-04 06:00:00+00:00,1.244387,1.274934,1.228013,1.25856,5495041.32
2026-07-04 07:00:00+00:00,1.25856,1.289779,1.234492,1.265712,3069904.34
2026-07-04 08:00:00+00:00,1.265712,1.271721,1.252871,1.258881,3295931.22
2026-07-04 09:00:00+00:00,1.258881,1.27149,1.247819,1.260429,2114274.3
2026-07-04 10:00:00+00:00,1.260429,1.292224,1.241529,1.273324,5228027.68
2026-07-04 11:00:00+00:00,1.273324,1.283028,1.224784,1.234489,12245297.35
2026-07-04 12:00:00+00:00,1.234489,1.240596,1.228287,1.234395,1242814.28
2026-07-04 13:00:00+00:00,1.234395,1.257424,1.221163,1.244192,4497246.46
2026-07-04 14:00:00+00:00,1.244192,1.266763,1.233688,1.256258,4821322.95
2026-07-04 15:00:00+00:00,1.256258,1.29433,1.246351,1.284423,9141472.24
2026-07-04 16:00:00+00:00,1.284423,1.306697,1.282071,1.304345,7039312.77
2026-07-04 17:00:00+00:00,1.304345,1.313703,1.301903,1.311261,3187632.91
2026-07-04 18:00:00+00:00,1.311261,1.325738,1.303604,1.318082,3668361.84
2026-07-04 19:00:00+00:00,1.318082,1.357601,1.293614,1.333133,5708238.38
2026-07-04 20:00:00+00:00,1.333133,1.367396,1.291589,1.325852,3653613.89
2026-07-04 21:00:00+00:00,1.325852,1.347203,1.305674,1.327024,1677776.65
2026-07-04 22:00:00+00:00,1.327024,1.357499,1.314086,1.344561,5952941.92
2026-07-04 23:00:00+00:00,1.344561,1.38783,1.337963,1.381232,10242537.06
2026-07-05 00:00:00+00:00,1.381232,1.382886,1.378627,1.380281,1991696.82
2026-07-05 01:00:00+00:00,1.380281,1.391564,1.370048,1.381331,2147446.01
2026-07-05 02:00:00+00:00,1.381331,1.39468,1.373569,1.386917,2521077.48
2026-07-05 03:00:00+00:00,1.386917,1.4465,1.354417,1.413999,8262622.08
2026-07-05 04:00:00+00:00,1.413999,1.429833,1.39957,1.415404,2028856.58
2026-07-05 05:00:00+00:00,1.415404,1.504065,1.357108,1.445769,8190784.26
2026-07-05 06:00:00+00:00,1.445769,1.482446,1.39227,1.428946,5861857.85
2026-07-05 07:00:00+00:00,1.428946,1.448762,1.407511,1.427328,1861023.12
2026-07-05 08:00:00+00:00,1.427328,1.434704,1.418085,1.425461,1710390.66
2026-07-05 09:00:00+00:00,1.425461,1.445212,1.423195,1.442946,5139462.22
2026-07-05 10:00:00+00:00,1.442946,1.494312,1.414548,1.465914,7104263.72
2026-07-05 11:00:00+00:00,1.465914,1.49001,1.413585,1.437682,7892178.72
2026-07-05 12:00:00+00:00,1.437682,1.440971,1.418275,1.421565,5313177.02
2026-07-05 13:00:00+00:00,1.421565,1.460052,1.391742,1.430229,3242801.59
2026-07-05 14:00:00+00:00,1.430229,1.43422,1.415177,1.419168,4223896.55
2026-07-05 15:00:00+00:00,1.419168,1.427492,1.382992,1.391317,8077392.31
2026-07-05 16:00:00+00:00,1.391317,1.412262,1.388995,1.40994,6288054.02
2026-07-05 17:00:00+00:00,1.40994,1.427057,1.400888,1.418005,3588719.06
2026-07-05 18:00:00+00:00,1.418005,1.457811,1.386303,1.426109,3642431.71
2026-07-05 19:00:00+00:00,1.426109,1.444563,1.396497,1.414951,3898430.24
2026-07-05 20:00:00+00:00,1.414951,1.451763,1.396948,1.433759,5514466.77
2026-07-05 21:00:00+00:00,1.433759,1.459467,1.40153,1.427238,3416600.04
2026-07-05 22:00:00+00:00,1.427238,1.461495,1.413309,1.447567,6702529.03
2026-07-05 23:00:00+00:00,1.447567,1.449719,1.425363,1.427515,6344873.53
2026-07-06 00:00:00+00:00,1.427515,1.479775,1.35663,1.408891,6347964.36
2026-07-06 01:00:00+00:00,1.408891,1.411346,1.40877,1.411225,2264251.23
2026-07-06 02:00:00+00:00,1.411225,1.432549,1.374486,1.39581,5307554.34
2026-07-06 03:00:00+00:00,1.39581,1.416226,1.386874,1.407289,4179537.86
2026-07-06 04:00:00+00:00,1.407289,1.441629,1.376342,1.410682,2167100.99
2026-07-06 05:00:00+00:00,1.410682,1.432788,1.369006,1.391112,6198048.45
2026-07-06 06:00:00+00:00,1.391112,1.412025,1.369928,1.390841,1288086.0
2026-07-06 07:00:00+00:00,1.390841,1.418994,1.354325,1.382479,3460244.26
2026-07-06 08:00:00+00:00,1.382479,1.400543,1.380195,1.398259,5333025.22
2026-07-06 09:00:00+00:00,1.398259,1.428211,1.354623,1.384575,4345969.44
2026-07-06 10:00:00+00:00,1.384575,1.39079,1.368467,1.374683,3810261.74
2026-07-06 11:00:00+00:00,1.374683,1.41286,1.357549,1.395727,6404913.54
2026-07-06 12:00:00+00:00,1.395727,1.438044,1.394408,1.436725,11391964.03
2026-07-06 13:00:00+00:00,1.436725,1.498929,1.411757,1.473961,10435685.09
2026-07-06 14:00:00+00:00,1.473961,1.49296,1.454435,1.473434,1734898.48
2026-07-06 15:00:00+00:00,1.473434,1.475959,1.473417,1.475942,2236930.61
2026-07-06 16:00:00+00:00,1.475942,1.505241,1.474948,1.504247,8016554.66
2026-07-06 17:00:00+00:00,1.504247,1.506519,1.497728,1.499999,2209536.32
2026-07-06 18:00:00+00:00,1.499999,1.511434,1.467871,1.479306,6058210.96
2026-07-06 19:00:00+00:00,1.479306,1.517692,1.441377,1.479763,1948185.19
2026-07-06 20:00:00+00:00,1.479763,1.486703,1.479622,1.486563,3491307.21
2026-07-06 21:00:00+00:00,1.486563,1.508284,1.447489,1.46921,5138518.39
2026-07-06 22:00:00+00:00,1.46921,1.4781,1.428407,1.437297,8412424.34
2026-07-06 23:00:00+00:00,1.437297,1.450466,1.39684,1.410009,8421762.45
2026-07-07 00:00:00+00:00,1.410009,1.431595,1.398399,1.419984,4235577.57
2026-07-07 01:00:00+00:00,1.419984,1.422418,1.402695,1.405129,5152225.67
2026-07-07 02:00:00+00:00,1.405129,1.416847,1.389313,1.401031,2801157.87
2026-07-07 03:00:00+00:00,1.401031,1.403356,1.400616,1.402941,2053239.71
2026-07-07 04:00:00+00:00,1.402941,1.440628,1.37396,1.411648,3990099.39
2026-07-07 05:00:00+00:00,1.411648,1.433841,1.382196,1.40439,2980544.93
2026-07-07 06:00:00+00:00,1.40439,1.424438,1.390854,1.410901,3003025.65
2026-07-07 07:00:00+00:00,1.410901,1.41884,1.386856,1.394795,5540201.54
2026-07-07 08:00:00+00:00,1.394795,1.400902,1.381273,1.38738,3012211.01
2026-07-07 09:00:00+00:00,1.38738,1.406742,1.350427,1.369789,6015503.91
2026-07-07 10:00:00+00:00,1.369789,1.395833,1.359473,1.385517,5110239.43
2026-07-07 11:00:00+00:00,1.385517,1.38584,1.38312,1.383443,2214960.13
2026-07-07 12:00:00+00:00,1.383443,1.416035,1.338135,1.370727,4916506.58
2026-07-07 13:00:00+00:00,1.370727,1.380768,1.353879,1.363919,3102209.48
2026-07-07 14:00:00+00:00,1.363919,1.369159,1.353852,1.359092,3185086.78
2026-07-07 15:00:00+00:00,1.359092,1.378153,1.348356,1.367418,3689677.63
2026-07-07 16:00:00+00:00,1.367418,1.37321,1.337761,1.343554,7690481.15
2026-07-07 17:00:00+00:00,1.343554,1.355392,1.316077,1.327915,4966618.55
2026-07-07 18:00:00+00:00,1.327915,1.328904,1.320339,1.321328,2788906.45
2026-07-07 19:00:00+00:00,1.321328,1.355244,1.319073,1.35299,9692381.34
2026-07-07 20:00:00+00:00,1.35299,1.390574,1.326328,1.363913,4653282.3
2026-07-07 21:00:00+00:00,1.363913,1.366207,1.358539,1.360833,2390034.63
2026-07-07 22:00:00+00:00,1.360833,1.372012,1.357108,1.368286,3753540.1
2026-07-07 23:00:00+00:00,1.368286,1.398525,1.362513,1.392752,7032563.13
2026-07-08 00:00:00+00:00,1.392752,1.413969,1.366929,1.388146,3008130.92
2026-07-08 01:00:00+00:00,1.388146,1.39262,1.377504,1.381978,3378164.3
2026-07-08 02:00:00+00:00,1.381978,1.395477,1.381482,1.394981,4785201.62
2026-07-08 03:00:00+00:00,1.394981,1.400466,1.393727,1.399212,2450092.37
2026-07-08 04:00:00+00:00,1.399212,1.419204,1.38544,1.405432,3199866.8
2026-07-08 05:00:00+00:00,1.405432,1.412914,1.390402,1.397885,3058517.97
2026-07-08 06:00:00+00:00,1.397885,1.432361,1.383584,1.41806,6497094.76
2026-07-08 07:00:00+00:00,1.41806,1.438762,1.415386,1.436089,5952368.06
2026-07-08 08:00:00+00:00,1.436089,1.457041,1.42013,1.441082,2709876.98
2026-07-08 09:00:00+00:00,1.441082,1.456339,1.432411,1.447667,2796609.09
2026-07-08 10:00:00+00:00,1.447667,1.454066,1.414606,1.421005,7267291.29
2026-07-08 11:00:00+00:00,1.421005,1.440994,1.407244,1.427233,2669565.11
2026-07-08 12:00:00+00:00,1.427233,1.432231,1.418062,1.423061,2820441.04
2026-07-08 13:00:00+00:00,1.423061,1.430898,1.419115,1.426952,2132689.19
2026-07-08 14:00:00+00:00,1.426952,1.437242,1.423946,1.434236,2790287.79
2026-07-08 15:00:00+00:00,1.434236,1.448675,1.413499,1.427939,2729693.46
2026-07-08 16:00:00+00:00,1.427939,1.45824,1.373122,1.403423,7355801.67
2026-07-08 17:00:00+00:00,1.403423,1.418349,1.391821,1.406746,2383313.86
2026-07-08 18:00:00+00:00,1.406746,1.420958,1.380629,1.394841,4741702.75
2026-07-08 19:00:00+00:00,1.394841,1.410314,1.373103,1.388576,3371972.63
2026-07-08 20:00:00+00:00,1.388576,1.400858,1.366144,1.378426,4441409.82
2026-07-08 21:00:00+00:00,1.378426,1.390603,1.359761,1.371937,3474687.79
2026-07-08 22:00:00+00:00,1.371937,1.376259,1.333292,1.337615,9989423.85
2026-07-08 23:00:00+00:00,1.337615,1.366434,1.324533,1.353352,5084161.34
2026-07-09 00:00:00+00:00,1.353352,1.357242,1.351524,1.355413,2468639.19
2026-07-09 01:00:00+00:00,1.355413,1.376403,1.349276,1.370266,4902083.39
2026-07-09 02:00:00+00:00,1.370266,1.41037,1.358727,1.398831,8575948.59
2026-07-09 03:00:00+00:00,1.398831,1.40092,1.395417,1.397506,1583890.25
2026-07-09 04:00:00+00:00,1.397506,1.423438,1.34175,1.367682,9087553.8
2026-07-09 05:00:00+00:00,1.367682,1.372786,1.347043,1.352147,5050856.36
2026-07-09 06:00:00+00:00,1.352147,1.362208,1.321741,1.331801,6530997.69
2026-07-09 07:00:00+00:00,1.331801,1.33283,1.321388,1.322417,3602806.0
2026-07-09 08:00:00+00:00,1.322417,1.337079,1.307414,1.322076,1947610.26
2026-07-09 09:00:00+00:00,1.322076,1.326345,1.285009,1.289278,10086192.97
2026-07-09 10:00:00+00:00,1.289278,1.306835,1.275508,1.293065,2619364.32
2026-07-09 11:00:00+00:00,1.293065,1.306012,1.255015,1.267962,7922128.48
2026-07-09 12:00:00+00:00,1.267962,1.274427,1.264617,1.271082,2004838.74
2026-07-09 13:00:00+00:00,1.271082,1.288978,1.249937,1.267833,2719824.28
2026-07-09 14:00:00+00:00,1.267833,1.275863,1.25332,1.26135,3492515.24
2026-07-09 15:00:00+00:00,1.26135,1.264403,1.255623,1.258676,2449708.36
2026-07-09 16:00:00+00:00,1.258676,1.275299,1.231937,1.24856,4716932.2
2026-07-09 17:00:00+00:00,1.24856,1.261838,1.224027,1.237305,4611399.79
2026-07-09 18:00:00+00:00,1.237305,1.245483,1.201066,1.209244,8910411.57
2026-07-09 19:00:00+00:00,1.209244,1.24343,1.173143,1.207329,2143909.86
2026-07-09 20:00:00+00:00,1.207329,1.242004,1.20071,1.235385,9030015.79
2026-07-09 21:00:00+00:00,1.235385,1.275387,1.226537,1.26654,9907283.49
2026-07-09 22:00:00+00:00,1.26654,1.297006,1.256925,1.287391,6962923.39
2026-07-09 23:00:00+00:00,1.287391,1.300876,1.284524,1.298009,4331840.36
2026-07-10 00:00:00+00:00,1.298009,1.309309,1.273444,1.284745,5383226.17
2026-07-10 01:00:00+00:00,1.284745,1.311741,1.281403,1.3084,7959510.88
2026-07-10 02:00:00+00:00,1.3084,1.344789,1.269449,1.305838,2075776.14
2026-07-10 03:00:00+00:00,1.305838,1.309627,1.299261,1.30305,2537538.73
2026-07-10 04:00:00+00:00,1.30305,1.328677,1.270695,1.296321,3605584.03
2026-07-10 05:00:00+00:00,1.296321,1.301318,1.291403,1.2964,1794464.87
2026-07-10 06:00:00+00:00,1.2964,1.307123,1.276392,1.287116,3973884.82
2026-07-10 07:00:00+00:00,1.287116,1.312699,1.258503,1.284086,2693514.01
2026-07-10 08:00:00+00:00,1.284086,1.286308,1.261216,1.263437,6955851.04
2026-07-10 09:00:00+00:00,1.263437,1.264638,1.254195,1.255396,3257882.93
2026-07-10 10:00:00+00:00,1.255396,1.298667,1.251024,1.294294,11556547.24
2026-07-10 11:00:00+00:00,1.294294,1.333032,1.25275,1.291489,2388767.51
2026-07-10 12:00:00+00:00,1.291489,1.307288,1.269852,1.285651,2906069.49
2026-07-10 13:00:00+00:00,1.285651,1.300695,1.278653,1.293697,3525465.71
2026-07-10 14:00:00+00:00,1.293697,1.313001,1.285701,1.305005,4335688.56
2026-07-10 15:00:00+00:00,1.305005,1.309588,1.278699,1.283281,6849924.52
2026-07-10 16:00:00+00:00,1.283281,1.287362,1.27395,1.278031,2475433.79
2026-07-10 17:00:00+00:00,1.278031,1.300383,1.270661,1.293014,4977463.73
2026-07-10 18:00:00+00:00,1.293014,1.31941,1.269953,1.296349,2540893.21
2026-07-10 19:00:00+00:00,1.296349,1.313895,1.279459,1.297005,1494571.51
2026-07-10 20:00:00+00:00,1.297005,1.329266,1.291629,1.323889,8371554.68
2026-07-10 21:00:00+00:00,1.323889,1.326551,1.307191,1.309852,5527889.68
2026-07-10 22:00:00+00:00,1.309852,1.316727,1.302916,1.309791,1642481.81
2026-07-10 23:00:00+00:00,1.309791,1.320159,1.288423,1.298791,4653125.01
2026-07-11 00:00:00+00:00,1.298791,1.339682,1.283454,1.324345,8329197.52
2026-07-11 01:00:00+00:00,1.324345,1.325385,1.286451,1.287491,11465778.61
2026-07-11 02:00:00+00:00,1.287491,1.30826,1.253336,1.274105,4589463.44
2026-07-11 03:00:00+00:00,1.274105,1.292501,1.244947,1.263343,4243096.35
2026-07-11 04:00:00+00:00,1.263343,1.299967,1.236739,1.273364,4612427.61
2026-07-11 05:00:00+00:00,1.273364,1.297205,1.258575,1.282416,3852026.62
2026-07-11 06:00:00+00:00,1.282416,1.313476,1.274369,1.305429,7942412.7
2026-07-11 07:00:00+00:00,1.305429,1.31897,1.262811,1.276352,8776954.33
2026-07-11 08:00:00+00:00,1.276352,1.313244,1.250896,1.287788,4066631.38
2026-07-11 09:00:00+00:00,1.287788,1.317553,1.251427,1.281192,3626149.2
2026-07-11 10:00:00+00:00,1.281192,1.303023,1.246508,1.268339,4809621.92
2026-07-11 11:00:00+00:00,1.268339,1.282858,1.261402,1.275921,3517001.93
2026-07-11 12:00:00+00:00,1.275921,1.281325,1.253613,1.259017,6431336.62
2026-07-11 13:00:00+00:00,1.259017,1.267301,1.218639,1.226923,9922507.51
2026-07-11 14:00:00+00:00,1.226923,1.228506,1.221151,1.222734,3120955.92
2026-07-11 15:00:00+00:00,1.222734,1.255888,1.16781,1.200963,7451553.34
2026-07-11 16:00:00+00:00,1.200963,1.208546,1.185088,1.192671,3582738.75
2026-07-11 17:00:00+00:00,1.192671,1.221701,1.170977,1.200007,3300647.66
2026-07-11 18:00:00+00:00,1.200007,1.21651,1.189933,1.206436,3319076.99
2026-07-11 19:00:00+00:00,1.206436,1.238767,1.20006,1.232391,8641279.66
2026-07-11 20:00:00+00:00,1.232391,1.250074,1.213377,1.23106,2250243.33
2026-07-11 21:00:00+00:00,1.23106,1.251481,1.189309,1.20973,6941919.76
2026-07-11 22:00:00+00:00,1.20973,1.22446,1.185573,1.200303,3680615.34
2026-07-11 23:00:00+00:00,1.200303,1.200474,1.188537,1.188708,4424366.19
2026-07-12 00:00:00+00:00,1.188708,1.196987,1.164883,1.173161,6043000.0
2026-07-12 01:00:00+00:00,1.173161,1.188761,1.165274,1.180875,3990133.97
2026-07-12 02:00:00+00:00,1.180875,1.194543,1.159959,1.173627,3554774.14
2026-07-12 03:00:00+00:00,1.173627,1.184158,1.13813,1.148661,8860947.13
2026-07-12 04:00:00+00:00,1.148661,1.171709,1.136438,1.159486,4804122.68
2026-07-12 05:00:00+00:00,1.159486,1.165551,1.153583,1.159647,1066142.28
2026-07-12 06:00:00+00:00,1.159647,1.192473,1.133088,1.165914,3062816.66
2026-07-12 07:00:00+00:00,1.165914,1.184895,1.149931,1.168912,2863070.69
2026-07-12 08:00:00+00:00,1.168912,1.184866,1.162683,1.178637,4123423.23
2026-07-12 09:00:00+00:00,1.178637,1.190724,1.168684,1.180771,2556339.48
2026-07-12 10:00:00+00:00,1.180771,1.202357,1.176455,1.198041,6386100.93
2026-07-12 11:00:00+00:00,1.198041,1.218091,1.185017,1.205068,3193559.63
2026-07-12 12:00:00+00:00,1.205068,1.21593,1.200785,1.211647,2837657.36
2026-07-12 13:00:00+00:00,1.211647,1.231452,1.198606,1.218411,3093910.72
2026-07-12 14:00:00+00:00,1.218411,1.220029,1.20083,1.202448,5766521.44
2026-07-12 15:00:00+00:00,1.202448,1.217026,1.187601,1.202179,1514655.43
2026-07-12 16:00:00+00:00,1.202179,1.216693,1.186323,1.200837,1823690.7
2026-07-12 17:00:00+00:00,1.200837,1.20605,1.199692,1.204905,2688295.16
2026-07-12 18:00:00+00:00,1.204905,1.221011,1.175186,1.191292,5303928.45
2026-07-12 19:00:00+00:00,1.191292,1.212943,1.189449,1.211101,6591205.5
2026-07-12 20:00:00+00:00,1.211101,1.214905,1.210143,1.213947,2058156.94
2026-07-12 21:00:00+00:00,1.213947,1.223828,1.192708,1.202589,5130360.99
2026-07-12 22:00:00+00:00,1.202589,1.205589,1.183389,1.186389,5598545.77
2026-07-12 23:00:00+00:00,1.186389,1.19431,1.177262,1.185182,2077012.83
2026-07-13 00:00:00+00:00,1.185182,1.199074,1.172055,1.185946,1693349.34
2026-07-13 01:00:00+00:00,1.185946,1.192289,1.174229,1.180572,3237459.6
2026-07-13 02:00:00+00:00,1.180572,1.186454,1.177228,1.18311,2056116.2
2026-07-13 03:00:00+00:00,1.18311,1.185744,1.176031,1.178666,2638582.35
2026-07-13 04:00:00+00:00,1.178666,1.207171,1.157173,1.185678,3516113.57
2026-07-13 05:00:00+00:00,1.185678,1.186699,1.179134,1.180154,3483517.88
2026-07-13 06:00:00+00:00,1.180154,1.187959,1.173615,1.181419,1689445.46
2026-07-13 07:00:00+00:00,1.181419,1.201113,1.173499,1.193193,4427994.02
2026-07-13 08:00:00+00:00,1.193193,1.223383,1.192214,1.222405,9190432.33
2026-07-13 09:00:00+00:00,1.222405,1.248428,1.187017,1.21304,4473435.91
2026-07-13 10:00:00+00:00,1.21304,1.220496,1.202115,1.209571,2279162.92
2026-07-13 11:00:00+00:00,1.209571,1.217006,1.194367,1.201802,3291174.85
2026-07-13 12:00:00+00:00,1.201802,1.222517,1.191769,1.212484,4578724.66
2026-07-13 13:00:00+00:00,1.212484,1.233844,1.17944,1.2008,5108368.52
2026-07-13 14:00:00+00:00,1.2008,1.208926,1.188657,1.196783,2728886.66
2026-07-13 15:00:00+00:00,1.196783,1.200935,1.193955,1.198107,1524178.42
2026-07-13 16:00:00+00:00,1.198107,1.207811,1.178263,1.187967,4270296.14
2026-07-13 17:00:00+00:00,1.187967,1.199161,1.166803,1.177997,4106966.59
2026-07-13 18:00:00+00:00,1.177997,1.185558,1.166258,1.173818,2214299.06
2026-07-13 19:00:00+00:00,1.173818,1.20105,1.12244,1.149671,8971486.45
2026-07-13 20:00:00+00:00,1.149671,1.159746,1.123524,1.133599,6204294.65
2026-07-13 21:00:00+00:00,1.133599,1.142257,1.121451,1.13011,2173565.48
2026-07-13 22:00:00+00:00,1.13011,1.136986,1.126663,1.133539,2906004.35
2026-07-13 23:00:00+00:00,1.133539,1.146435,1.119886,1.132782,2210297.16
2026-07-14 00:00:00+00:00,1.132782,1.1477,1.096997,1.111915,8082597.34
2026-07-14 01:00:00+00:00,1.111915,1.133705,1.085808,1.107599,2564550.35
2026-07-14 02:00:00+00:00,1.107599,1.128508,1.098505,1.119415,4767135.95
2026-07-14 03:00:00+00:00,1.119415,1.150997,1.096694,1.128276,4182756.19
2026-07-14 04:00:00+00:00,1.128276,1.144411,1.112674,1.128808,1742331.68
2026-07-14 05:00:00+00:00,1.128808,1.143583,1.103723,1.118498,4971012.48
2026-07-14 06:00:00+00:00,1.118498,1.139774,1.107333,1.128609,5000451.56
2026-07-14 07:00:00+00:00,1.128609,1.144389,1.106484,1.122264,3810811.36
2026-07-14 08:00:00+00:00,1.122264,1.134059,1.096028,1.107823,5706931.6
2026-07-14 09:00:00+00:00,1.107823,1.110116,1.096116,1.098408,4462414.14
2026-07-14 10:00:00+00:00,1.098408,1.139403,1.079038,1.120033,7694974.24
2026-07-14 11:00:00+00:00,1.120033,1.144816,1.099935,1.124718,2925805.31
2026-07-14 12:00:00+00:00,1.124718,1.157247,1.110473,1.143002,6505780.97
2026-07-14 13:00:00+00:00,1.143002,1.152787,1.127816,1.137601,2707638.46
2026-07-14 14:00:00+00:00,1.137601,1.186962,1.103701,1.153062,5671838.68
2026-07-14 15:00:00+00:00,1.153062,1.154166,1.144587,1.145691,3462877.89
2026-07-14 16:00:00+00:00,1.145691,1.15528,1.135348,1.144937,1531698.97
2026-07-14 17:00:00+00:00,1.144937,1.197123,1.132496,1.184682,13206609.12
2026-07-14 18:00:00+00:00,1.184682,1.227043,1.156095,1.198455,4971928.51
2026-07-14 19:00:00+00:00,1.198455,1.206175,1.184431,1.19215,2889168.94
2026-07-14 20:00:00+00:00,1.19215,1.211903,1.172712,1.192465,1745316.64
2026-07-14 21:00:00+00:00,1.192465,1.205381,1.186474,1.199391,3624781.84
2026-07-14 22:00:00+00:00,1.199391,1.243617,1.176673,1.220899,7700927.78
2026-07-14 23:00:00+00:00,1.220899,1.229039,1.206371,1.214511,3488371.86
2026-07-15 00:00:00+00:00,1.214511,1.227048,1.175118,1.187655,9199274.53
2026-07-15 01:00:00+00:00,1.187655,1.204151,1.168276,1.184772,2371772.84
2026-07-15 02:00:00+00:00,1.184772,1.188966,1.182489,1.186683,2284504.95
2026-07-15 03:00:00+00:00,1.186683,1.208238,1.168586,1.190142,2062539.99
2026-07-15 04:00:00+00:00,1.190142,1.220088,1.183767,1.213713,7821774.96
2026-07-15 05:00:00+00:00,1.213713,1.233555,1.200921,1.220763,3693480.86
2026-07-15 06:00:00+00:00,1.220763,1.241455,1.215672,1.236364,5472615.26
2026-07-15 07:00:00+00:00,1.236364,1.238226,1.217393,1.219255,6227372.64
2026-07-15 08:00:00+00:00,1.219255,1.255668,1.199422,1.235835,5812734.58
2026-07-15 09:00:00+00:00,1.235835,1.286972,1.223203,1.27434,11772097.94
2026-07-15 10:00:00+00:00,1.27434,1.318194,1.246137,1.289991,5948633.01
2026-07-15 11:00:00+00:00,1.289991,1.303773,1.282609,1.29639,3328324.01
2026-07-15 12:00:00+00:00,1.29639,1.317343,1.280055,1.301008,2643583.92
2026-07-15 13:00:00+00:00,1.301008,1.344364,1.292482,1.335838,10178127.16
2026-07-15 14:00:00+00:00,1.335838,1.354876,1.301424,1.320462,5707151.16
2026-07-15 15:00:00+00:00,1.320462,1.330612,1.310108,1.320258,1709010.08
2026-07-15 16:00:00+00:00,1.320258,1.347111,1.30259,1.329443,3776505.97
2026-07-15 17:00:00+00:00,1.329443,1.361447,1.311991,1.343996,5538711.25
2026-07-15 18:00:00+00:00,1.343996,1.363847,1.316643,1.336495,3578764.73
2026-07-15 19:00:00+00:00,1.336495,1.38325,1.296139,1.342894,3590495.26
2026-07-15 20:00:00+00:00,1.342894,1.36195,1.319334,1.33839,2796632.08
2026-07-15 21:00:00+00:00,1.33839,1.354752,1.324934,1.341296,2630906.55
2026-07-15 22:00:00+00:00,1.341296,1.34696,1.333856,1.33952,1996944.78
2026-07-15 23:00:00+00:00,1.33952,1.364922,1.293881,1.319283,6840889.47
2026-07-16 00:00:00+00:00,1.319283,1.34357,1.295273,1.31956,1913270.35
2026-07-16 01:00:00+00:00,1.31956,1.357288,1.298425,1.336153,5302217.67
2026-07-16 02:00:00+00:00,1.336153,1.342635,1.312846,1.319328,5745385.84
2026-07-16 03:00:00+00:00,1.319328,1.32593,1.309076,1.315678,2539188.48
2026-07-16 04:00:00+00:00,1.315678,1.369405,1.274476,1.328203,4251160.12
2026-07-16 05:00:00+00:00,1.328203,1.341439,1.29667,1.309906,6464675.1
2026-07-16 06:00:00+00:00,1.309906,1.334513,1.289155,1.313763,2706633.34
2026-07-16 07:00:00+00:00,1.313763,1.332127,1.27767,1.296034,6515641.76
2026-07-16 08:00:00+00:00,1.296034,1.328049,1.284248,1.316263,6592110.42
2026-07-16 09:00:00+00:00,1.316263,1.358847,1.314933,1.357517,11870529.24
2026-07-16 10:00:00+00:00,1.357517,1.422432,1.329576,1.394491,10969007.59
2026-07-16 11:00:00+00:00,1.394491,1.427727,1.357997,1.391234,2199721.38
2026-07-16 12:00:00+00:00,1.391234,1.42079,1.375683,1.40524,5210638.36
2026-07-16 13:00:00+00:00,1.40524,1.412559,1.400796,1.408115,2110338.8
2026-07-16 14:00:00+00:00,1.408115,1.414212,1.404545,1.410642,1941978.95
2026-07-16 15:00:00+00:00,1.410642,1.464547,1.38514,1.439045,7996105.8
2026-07-16 16:00:00+00:00,1.439045,1.44708,1.408278,1.416312,6580290.42
